Month,Hour,temp_celsius,humidity,wind_speed,generation wind onshore,total load actual
3,13,21.37,26,1,9111.0,37123.0
8,19,26.0,69,2,4046.0,31158.0
5,8,14.0,71,1,4864.0,24870.0
4,21,13.0,54,6,6922.0,29478.0
6,12,24.67,53,1,5643.0,32274.0
4,7,13.0,87,1,3955.0,20370.0
8,21,23.89,74,3,2830.0,31150.0
4,1,15.35,84,0,8446.0,23612.0
10,20,21.0,83,2,1949.0,33406.0
7,23,22.62,74,0,5055.0,31123.0
6,1,22.0,46,5,4972.0,22180.0
6,15,33.0,19,9,15536.0,33289.0
6,11,27.0,57,1,2248.0,35413.0
11,21,16.0,31,3,6563.0,30562.0
7,1,22.19,73,1,8534.0,24186.0
8,10,26.0,74,2,1822.0,34631.0
5,8,16.0,82,1,3564.0,30057.0
7,7,17.86,90,1,4679.0,23332.0
9,7,19.0,48,1,7298.0,29296.0
1,3,4.0,86,3,5368.0,23729.0
3,20,19.0,59,1,2891.0,31169.0
11,7,13.0,87,4,1106.0,22666.0
8,16,31.04,58,6,8587.0,33027.0
1,20,13.0,58,1,10269.0,32858.0
9,18,25.25,30,3,5537.0,23647.0
9,2,22.0,78,1,2840.0,23979.0
5,23,18.9,77,1,3583.0,26840.0
6,16,30.0,58,5,4147.0,31760.0
2,19,10.0,46,4,1973.0,36206.0
3,10,14.0,58,9,3244.0,28699.0
9,21,22.0,68,3,7391.0,33930.0
6,13,26.0,44,1,2644.0,26987.0
4,8,14.74,69,1,969.0,30825.0
12,21,10.49,93,2,8216.0,30756.0
7,2,26.0,74,3,2302.0,25631.0
8,22,25.82,78,4,6391.0,30000.0
6,10,20.0,60,3,2047.0,24733.0
4,5,9.26,93,1,7845.0,18878.0
5,15,24.4,41,3,4012.0,30135.0
3,1,9.62,91,8,11085.0,24536.0
7,20,33.85,46,3,4611.0,36535.0
4,7,11.0,87,2,5638.0,22593.0
4,2,14.0,62,2,10221.0,23066.0
9,14,30.0,55,3,5511.0,37509.0
1,6,10.0,76,4,7837.0,26439.0
2,5,6.41,79,2,7359.0,23112.0
5,19,27.0,28,5,1665.0,38462.0
9,20,28.74,58,4,2722.0,32303.0
5,23,16.29,55,1,10777.0,25289.0
7,5,19.52,83,1,5520.0,21402.0
3,9,6.19,75,1,837.0,33990.0
1,1,4.6,70,3,9127.0,26815.0
7,20,30.82,66,3,5255.0,28619.0
9,5,20.79,83,0,3216.0,24609.0
1,18,15.0,44,2,2659.0,34663.0
4,21,13.0,76,0,6889.0,31267.0
8,18,30.0,55,5,3528.0,34479.0
5,14,26.82,26,2,8383.0,27341.0
9,2,22.0,88,1,4925.0,24825.0
7,0,25.0,65,2,3995.0,25719.0
7,22,24.64,74,5,7170.0,29810.0
10,2,13.89,96,1,5365.0,22565.0
10,5,16.0,87,1,3587.0,22720.0
8,20,30.0,66,4,3851.0,29591.0
5,15,36.92,15,8,10171.0,32782.0
4,22,17.02,63,1,2642.0,32024.0
11,22,10.0,76,1,4867.0,31664.0
12,0,11.0,100,2,3872.0,26394.0
11,15,20.0,72,5,2767.0,31511.0
9,14,25.31,47,1,2554.0,27179.0
2,13,12.0,40,5,10277.0,37451.0
7,20,30.0,58,3,4857.0,27598.0
1,19,11.0,76,3,8595.0,30577.0
9,19,24.0,64,5,3309.0,30433.0
3,10,11.5,66,1,6367.0,26806.0
3,21,10.69,71,0,3184.0,35766.0
1,5,8.0,67,4,10092.0,25549.0
3,23,10.76,33,4,10830.0,28535.0
3,19,24.0,22,5,10664.0,25890.0
3,12,12.77,48,4,10938.0,34514.0
9,14,22.84,29,9,8380.0,30997.0
10,22,12.0,66,3,2533.0,30834.0
8,19,32.79,55,3,2507.0,31849.0
1,15,15.0,41,0,5768.0,35021.0
6,6,22.0,78,1,1371.0,26752.0
5,15,21.0,21,1,4806.0,30853.0
6,10,27.93,23,1,961.0,33257.0
2,1,8.85,81,2,1351.0,24903.0
4,8,14.48,76,1,9046.0,31382.0
1,15,16.79,40,3,2694.0,32958.0
7,11,28.02,54,0,2306.0,35642.0
12,1,5.49,93,2,1404.0,21353.0
11,13,22.0,30,2,5771.0,29268.0
4,19,15.0,62,4,12977.0,29098.0
9,23,19.07,83,4,5637.0,27833.0
6,10,28.0,39,1,1026.0,33562.0
6,8,17.86,70,1,1600.0,24019.0
4,20,13.35,56,2,9266.0,29511.0
7,8,22.0,83,1,2337.0,25560.0
10,22,23.0,69,1,8375.0,32412.0
2,6,11.8,70,12,10726.0,22427.0
3,18,17.0,67,3,4147.0,35528.0
5,7,19.0,82,1,671.0,19726.0
12,2,11.0,87,2,3963.0,23786.0
11,19,20.0,56,3,5985.0,29689.0
2,3,2.12,92,1,8204.0,19558.0
9,2,22.0,88,2,3532.0,22419.0
12,13,16.0,38,1,1985.0,36994.0
3,7,11.0,53,9,11261.0,22532.0
4,23,9.79,62,0,11804.0,27402.0
5,0,17.0,82,2,8758.0,25822.0
12,1,14.0,82,1,4013.0,23156.0
6,0,25.0,78,3,4345.0,27957.0
11,0,9.0,87,1,2045.0,27002.0
2,7,8.7,66,3,7277.0,24954.0
11,15,19.0,34,3,3231.0,27788.0
2,16,13.23,67,2,5876.0,31565.0
4,3,16.23,62,1,7780.0,23160.0
1,22,10.0,87,2,2129.0,33770.0
1,4,7.56,42,3,8946.0,23633.0
10,19,23.23,65,2,9990.0,35937.0
9,15,25.89,28,2,6901.0,26286.0
5,3,10.39,68,2,8015.0,22503.0
11,15,17.0,77,4,3888.0,27212.0
3,6,18.0,55,5,5440.0,25682.0
6,2,21.82,73,1,4881.0,25346.0
3,2,8.0,93,1,4760.0,23429.0
9,3,17.01,60,7,5033.0,23719.0
3,19,15.0,82,0,1822.0,32137.0
1,10,15.0,62,4,12274.0,37853.0
1,11,10.0,66,2,5396.0,29353.0
1,22,8.0,81,1,3605.0,35507.0
6,15,27.78,36,3,3964.0,28214.0
12,13,17.0,36,3,6673.0,34271.0
5,20,20.44,75,3,3516.0,24820.0
10,9,12.94,89,1,2860.0,31125.0
10,6,19.0,66,0,13179.0,26669.0
7,0,27.14,62,0,3745.0,28682.0
7,23,27.0,74,3,4112.0,29658.0
7,22,24.22,78,4,6455.0,34345.0
9,22,25.0,78,1,1049.0,31075.0
2,10,15.25,64,1,10144.0,26337.0
9,6,15.69,70,0,5060.0,25326.0
1,21,7.92,50,4,10185.0,25815.0
5,9,13.68,82,1,1753.0,22576.0
7,10,28.1,78,0,546.0,37260.0
8,4,22.18,64,1,3092.0,21793.0
11,20,11.0,50,0,1499.0,36454.0
3,0,10.0,81,0,5150.0,25472.0
2,16,13.35,79,2,3596.0,31273.0
8,13,28.86,42,1,3079.0,28992.0
6,2,17.25,43,2,4445.0,23577.0
8,16,34.56,40,1,10596.0,30452.0
12,15,16.0,44,4,7329.0,33914.0
12,19,13.0,76,1,4355.0,37104.0
2,7,8.2,89,3,12115.0,31651.0
2,23,9.2,46,1,11086.0,29201.0
3,1,4.1,71,2,5305.0,23002.0
4,1,14.0,76,2,9273.0,22485.0
12,21,11.0,57,5,13384.0,32597.0
8,18,27.77,74,4,4361.0,25180.0
2,9,6.0,81,1,2958.0,34402.0
5,8,14.0,82,1,1844.0,20985.0
8,4,25.0,73,1,7642.0,24260.0
7,12,30.0,48,3,9907.0,34251.0
7,12,29.19,66,3,1725.0,37303.0
1,1,6.0,87,2,1615.0,24090.0
4,19,18.7,49,3,6293.0,29337.0
8,14,29.63,51,2,4141.0,34512.0
8,20,30.0,37,4,5745.0,31840.0
5,9,18.0,72,0,1979.0,30851.0
5,7,14.0,82,0,826.0,25908.0
12,16,17.0,59,3,8163.0,23671.0
10,8,12.15,85,4,6317.0,29620.0
12,1,6.0,93,2,3364.0,22286.0
10,20,21.0,68,2,6145.0,32061.0
1,13,14.82,51,2,8718.0,26802.0
8,2,23.36,78,3,6658.0,23306.0
9,4,22.0,83,3,6984.0,22607.0
9,9,21.0,83,1,2249.0,32566.0
8,13,30.0,45,2,2940.0,36063.0
3,12,21.28,26,1,6813.0,24867.0
5,6,17.0,82,2,1541.0,24427.0
8,21,28.0,69,3,3695.0,33481.0
1,7,4.0,80,1,3357.0,26539.0
5,1,22.0,78,1,3903.0,25153.0
1,0,15.0,54,5,10099.0,28930.0
10,11,18.51,65,1,2544.0,31662.0
10,9,16.07,93,2,4111.0,31570.0
1,12,13.0,87,8,7757.0,29256.0
11,6,16.0,93,1,3355.0,26108.0
11,9,14.0,93,2,4432.0,27428.0
10,23,18.0,82,2,3865.0,23899.0
8,10,25.21,78,2,2062.0,34238.0
9,19,20.44,31,6,8670.0,30156.0
9,14,29.0,51,2,2135.0,35097.0
6,19,25.19,69,1,7021.0,25663.0
5,22,19.13,64,2,3983.0,29112.0
1,6,13.41,58,11,1578.0,26062.0
10,14,24.0,44,1,478.0,31103.0
3,19,16.82,42,2,4625.0,36017.0
10,18,19.0,77,4,3322.0,31777.0
9,14,27.0,42,1,3747.0,31450.0
9,9,20.0,88,2,3287.0,31938.0
4,17,18.04,68,6,6336.0,29505.0
10,10,18.0,59,3,3316.0,23853.0
10,9,11.0,76,4,3717.0,33604.0
8,6,20.27,83,1,3020.0,24554.0
5,3,19.0,77,2,4981.0,21124.0
10,4,14.98,86,1,10805.0,20774.0
6,0,20.0,68,2,3890.0,28642.0
6,11,24.6,55,0,1000.0,29090.0
1,23,4.87,55,2,8833.0,30011.0
6,9,25.0,61,1,1323.0,34438.0
10,17,25.0,41,3,4824.0,29875.0
5,12,25.0,36,1,521.0,32065.0
8,19,27.33,62,5,3208.0,31074.0
6,7,17.02,66,2,6761.0,27292.0
12,17,13.17,72,2,11695.0,30011.0
11,19,17.0,88,0,6023.0,28812.0
9,14,27.57,61,2,1299.0,29436.0
11,2,11.0,43,3,2813.0,25565.0
10,4,12.32,87,2,2546.0,22681.0
4,1,12.03,36,3,14023.0,21905.0
10,2,16.0,100,3,6744.0,22957.0
7,16,36.0,14,5,7068.0,36883.0
12,2,10.0,57,3,10888.0,25288.0
8,5,18.0,72,6,3097.0,20347.0
5,4,18.0,63,4,6404.0,21967.0
2,0,8.0,81,3,9119.0,28533.0
8,10,24.0,69,4,1653.0,25987.0
1,9,7.0,65,2,3802.0,36607.0
8,10,26.0,65,1,1724.0,32312.0
7,15,29.0,58,5,3349.0,34870.0
4,3,13.75,77,4,8476.0,23235.0
5,7,14.0,76,2,2336.0,22402.0
5,7,12.64,92,1,12674.0,27781.0
10,12,23.0,73,1,5493.0,24876.0
12,9,1.0,69,1,5153.0,26294.0
5,8,14.0,76,1,2356.0,24095.0
12,12,12.93,67,1,4180.0,28617.0
8,14,29.21,45,4,2492.0,31855.0
4,1,6.17,80,2,6180.0,24907.0
11,7,12.0,81,1,3839.0,24229.0
5,1,17.46,43,5,10335.0,21917.0
10,20,23.0,73,2,8222.0,33668.0
7,5,24.16,88,2,2714.0,25787.0
11,7,15.0,77,3,8598.0,21474.0
12,17,16.0,63,2,1534.0,30436.0
7,1,24.46,69,2,7481.0,27830.0
8,12,29.74,55,1,4887.0,38604.0
2,6,9.2,61,2,6427.0,27234.0
12,19,15.0,87,0,4177.0,29820.0
6,16,23.05,60,3,5772.0,29552.0
12,14,18.0,68,0,3009.0,31516.0
6,0,29.0,26,6,10924.0,27754.0
1,23,9.0,81,3,3030.0,30981.0
11,8,12.0,100,1,4249.0,26278.0
2,23,5.0,75,3,8288.0,31242.0
4,15,17.0,48,4,5252.0,30381.0
9,14,26.0,61,1,8716.0,30637.0
2,3,6.1,55,1,2821.0,19730.0
11,0,15.0,93,2,1088.0,26186.0
11,13,19.0,45,1,2107.0,26980.0
4,17,16.52,55,6,8129.0,30686.0
9,3,22.34,29,5,9036.0,21062.0
10,5,21.0,83,1,8630.0,24982.0
6,20,32.0,24,10,14179.0,31887.0
10,15,27.47,51,3,13160.0,27409.0
3,17,16.85,45,2,6298.0,29551.0
10,9,13.0,100,2,4060.0,30820.0
6,11,24.0,53,1,1310.0,36661.0
5,0,19.0,42,1,7522.0,28490.0
3,8,6.57,86,1,6342.0,23100.0
10,17,19.0,82,2,3144.0,22713.0
5,17,25.27,33,3,7008.0,23487.0
1,1,13.6,55,3,9822.0,26119.0
11,5,12.55,90,1,3849.0,24065.0
4,15,23.54,29,3,8975.0,30867.0
4,11,17.0,45,2,9875.0,32376.0
5,5,14.0,87,0,8085.0,21781.0
10,22,23.0,78,1,9081.0,25829.0
7,3,18.73,93,2,8643.0,24672.0
9,16,27.69,23,1,4914.0,30413.0
6,23,20.91,64,1,8890.0,27876.0
11,19,15.0,77,1,9046.0,31815.0
3,20,15.0,33,3,11682.0,37292.0
7,17,27.0,54,6,2775.0,26203.0
6,19,31.0,35,4,5063.0,36160.0
5,4,14.0,82,1,7891.0,22971.0
9,11,23.0,69,1,956.0,31930.0
4,16,21.0,37,4,3138.0,32193.0
4,23,13.08,93,2,6021.0,28650.0
1,3,6.19,64,2,8384.0,22859.0
2,10,9.14,83,2,4138.0,35347.0
8,12,29.17,62,0,1610.0,33426.0
9,14,26.0,61,3,3112.0,31993.0
4,2,15.04,57,4,6257.0,22168.0
11,10,12.0,76,4,6259.0,34843.0
11,12,17.0,48,0,14479.0,27909.0
2,7,9.21,70,1,5667.0,31491.0
6,7,16.74,80,3,3826.0,22142.0
12,18,12.98,51,1,5155.0,36606.0
8,10,21.0,52,2,5221.0,32650.0
12,22,10.48,87,1,6871.0,30428.0
12,22,8.0,100,1,2482.0,30865.0
1,5,-2.86,71,2,4618.0,19905.0
9,20,18.16,72,2,4646.0,32046.0
11,3,9.0,81,2,2863.0,21545.0
5,1,10.31,26,2,4212.0,25329.0
9,12,25.22,36,1,9082.0,31984.0
10,9,9.97,87,1,9921.0,22751.0
7,1,26.0,83,1,5032.0,24580.0
4,15,21.28,28,2,2783.0,23597.0
5,3,15.82,77,1,3441.0,22276.0
11,11,16.0,41,1,1991.0,31029.0
2,0,8.47,79,4,5510.0,27336.0
11,10,11.0,56,3,8829.0,30218.0
6,8,19.0,88,0,10999.0,33939.0
7,2,17.79,90,0,4356.0,22673.0
4,23,16.0,59,1,5563.0,25351.0
3,22,18.0,52,1,7438.0,31639.0
4,18,22.06,24,2,2681.0,22566.0
8,1,26.0,78,4,3083.0,24964.0
3,14,20.0,32,7,7212.0,32974.0
2,3,11.0,76,1,4927.0,20975.0
1,23,15.0,58,5,10054.0,26027.0
6,6,16.1,85,1,2646.0,24942.0
6,7,18.0,72,1,1762.0,27593.0
2,0,10.0,87,1,2397.0,28712.0
4,7,10.72,87,0,3510.0,27935.0
3,0,13.0,54,3,6303.0,27339.0
7,0,22.7,78,1,5674.0,30695.0
5,0,16.63,77,3,5819.0,25125.0
4,18,16.93,68,5,6800.0,29141.0
10,5,18.0,93,2,4705.0,19740.0
4,18,27.0,24,6,3361.0,21022.0
4,5,10.17,90,2,2167.0,21354.0
9,14,22.0,94,0,481.0,26736.0
10,14,24.1,72,1,1242.0,30829.0
10,23,14.52,90,1,5722.0,27037.0
1,12,15.56,59,7,2744.0,36201.0
5,17,21.8,49,6,5484.0,29398.0
12,8,7.0,75,3,9130.0,21443.0
2,4,11.0,62,7,12363.0,25442.0
12,15,14.0,58,1,1655.0,29617.0
10,7,15.0,87,4,738.0,28844.0
8,0,27.0,65,4,3724.0,27845.0
10,15,22.0,68,4,6829.0,29470.0
3,20,10.01,92,3,10171.0,36577.0
1,19,11.0,29,6,8397.0,33480.0
6,5,17.0,88,1,7974.0,26022.0
3,4,4.09,96,1,7477.0,22943.0
5,16,28.0,32,4,2904.0,30757.0
7,13,30.0,55,2,1359.0,31777.0
5,9,14.0,47,4,3604.0,32835.0
12,15,15.0,44,1,2572.0,37308.0
4,5,8.0,81,1,1611.0,21188.0
11,14,17.0,25,5,7451.0,31888.0
1,10,6.0,70,3,3788.0,38595.0
12,6,6.0,81,2,6808.0,26760.0
9,6,18.0,77,0,3050.0,26172.0
11,10,10.0,57,1,4078.0,30292.0
7,4,25.27,83,1,5075.0,22571.0
11,21,7.0,65,2,6332.0,29519.0
7,20,26.8,65,4,2800.0,33639.0
1,11,12.71,50,9,2655.0,34707.0
5,9,19.47,72,0,4181.0,26042.0
8,2,26.0,83,1,1783.0,23125.0
12,18,12.62,34,4,10539.0,31053.0
9,7,19.33,78,1,9268.0,23930.0
12,7,8.0,81,2,1823.0,29285.0
5,10,17.89,86,2,8103.0,31588.0
4,20,13.7,68,2,7938.0,24869.0
11,5,13.81,88,2,7560.0,21640.0
8,5,22.65,83,2,5395.0,23093.0
5,2,16.0,63,1,6225.0,25738.0
1,11,13.57,77,1,8796.0,21805.0
5,15,17.63,68,3,9232.0,30394.0
6,20,23.37,53,4,9230.0,30160.0
3,5,12.0,76,2,9157.0,22404.0
8,18,30.96,59,5,7665.0,37535.0
2,19,10.0,35,3,8934.0,36699.0
11,13,16.5,46,1,1809.0,33998.0
2,21,10.0,76,3,6588.0,32964.0
3,22,10.45,43,3,7543.0,29143.0
2,12,7.0,93,4,6798.0,38582.0
1,4,2.1,69,1,7660.0,22879.0
4,21,17.2,52,3,5167.0,32527.0
5,16,20.5,100,1,3147.0,29811.0
2,10,9.66,53,0,2822.0,36648.0
4,2,16.0,77,1,4648.0,19912.0
7,4,23.0,83,1,6307.0,20994.0
4,22,18.0,68,0,7030.0,25254.0
9,18,27.56,25,6,11495.0,30145.0
8,9,21.0,88,2,4828.0,22704.0
4,12,16.22,33,8,3176.0,35968.0
12,8,12.0,62,6,9030.0,35609.0
11,9,11.0,87,1,5297.0,34179.0
8,16,31.19,59,4,1018.0,25612.0
2,4,8.78,60,8,9435.0,21804.0
6,20,27.92,25,3,4065.0,32888.0
2,22,11.9,53,6,11585.0,30994.0
1,2,14.0,47,10,6166.0,22498.0
7,13,28.58,42,3,1705.0,35886.0
7,5,24.0,88,1,1810.0,24725.0
8,9,21.28,64,1,7626.0,32686.0
5,1,18.0,72,1,2998.0,24956.0
4,22,12.5,75,2,6894.0,29388.0
6,22,22.19,61,3,6455.0,28818.0
5,21,21.0,49,3,6741.0,30945.0
1,9,14.0,50,6,8842.0,25384.0
3,20,18.78,17,9,8070.0,25821.0
2,22,7.0,45,6,2617.0,31625.0
5,16,26.0,41,5,5794.0,31491.0
7,20,29.0,45,3,7513.0,35094.0
10,3,14.22,88,0,1737.0,21467.0
6,19,31.0,27,3,2627.0,36335.0
1,21,6.0,18,4,12328.0,38993.0
10,11,20.0,52,1,7737.0,24871.0
5,12,25.23,35,2,2815.0,32417.0
10,23,23.0,83,2,9634.0,24342.0
5,8,15.44,85,2,2734.0,29054.0
7,11,26.39,74,1,3225.0,27427.0
2,15,6.8,49,1,2618.0,35266.0
3,14,16.28,25,2,1672.0,30323.0
11,12,21.0,32,3,5887.0,29338.0
4,5,11.0,93,3,7130.0,23462.0
5,14,27.0,28,2,4475.0,31034.0
1,0,15.0,54,6,11441.0,28778.0
4,6,16.31,63,4,3940.0,20882.0
9,3,23.99,57,1,6121.0,20646.0
2,21,14.0,82,5,11288.0,34069.0
11,18,17.0,63,1,8853.0,28800.0
7,13,30.25,55,1,926.0,38945.0
9,0,26.0,74,1,5274.0,26866.0
3,7,9.0,87,1,4743.0,29671.0
6,22,19.97,73,2,4390.0,29103.0
4,10,16.0,82,1,2905.0,24631.0
12,0,12.0,87,0,1772.0,25567.0
8,14,30.0,58,5,4277.0,30458.0
7,11,31.8,40,1,551.0,31409.0
10,6,19.0,82,1,5955.0,27873.0
8,14,36.0,26,3,3836.0,31332.0
1,0,5.0,80,0,3007.0,27071.0
3,18,27.25,23,1,8023.0,28355.0
1,18,15.0,47,8,14629.0,25198.0
4,21,13.62,51,1,9699.0,31722.0
9,14,28.0,30,7,14237.0,31413.0
11,0,15.0,67,5,8760.0,25658.0
12,23,6.0,93,1,5183.0,31335.0
2,10,6.1,65,4,7497.0,37638.0
5,0,22.0,35,2,4714.0,23243.0
12,7,7.99,70,3,5566.0,31876.0
4,8,10.0,100,4,6274.0,30364.0
2,14,16.0,51,6,14444.0,31818.0
3,7,15.0,82,4,3142.0,28917.0
6,17,31.0,38,5,3672.0,30393.0
8,22,27.0,74,2,8355.0,29538.0
12,17,23.52,43,3,1491.0,34185.0
12,5,4.0,86,1,6359.0,24856.0
10,12,22.0,68,1,8526.0,33573.0
9,18,26.0,54,3,4194.0,24673.0
12,18,14.0,67,3,7617.0,36739.0
12,2,16.0,93,5,4562.0,22526.0
11,4,11.0,76,1,7081.0,22779.0
8,4,23.0,69,0,1804.0,23866.0
8,16,28.0,45,5,6253.0,29139.0
11,10,16.0,87,1,3087.0,27886.0
4,10,13.85,77,1,3056.0,31468.0
1,23,9.52,33,4,9157.0,30665.0
2,10,10.0,81,1,2108.0,26441.0
5,16,22.0,60,4,3156.0,25572.0
9,8,15.75,86,1,3308.0,30134.0
5,12,24.38,34,2,5348.0,31608.0
12,9,4.0,93,1,5814.0,35620.0
10,9,14.0,62,1,3498.0,30924.0
5,11,21.0,37,0,4387.0,28673.0
8,7,25.0,88,1,7284.0,23359.0
5,4,17.0,82,0,1324.0,24286.0
4,18,24.0,57,4,5533.0,28865.0
5,22,19.0,63,2,8421.0,30012.0
12,18,16.0,87,2,3276.0,24066.0
8,13,34.0,34,1,8166.0,35095.0
7,0,23.43,57,0,1956.0,25823.0
8,22,26.74,23,5,11132.0,27461.0
9,15,27.81,30,6,10765.0,30414.0
4,22,16.0,82,1,3463.0,30577.0
10,12,22.0,43,0,2131.0,31713.0
11,23,8.15,93,0,3010.0,27063.0
2,9,13.0,82,5,9540.0,31646.0
8,15,34.0,38,5,8705.0,33336.0
6,14,28.29,54,4,1547.0,34817.0
5,12,20.57,33,7,9092.0,24548.0
3,0,9.0,87,0,5335.0,26113.0
10,8,15.0,87,1,1902.0,30535.0
12,18,13.49,71,2,924.0,32522.0
3,8,9.36,45,1,1142.0,29300.0
8,5,20.54,91,1,1981.0,22314.0
11,20,12.0,62,1,3203.0,36547.0
4,11,18.55,77,1,8317.0,28197.0
3,18,16.0,67,5,9308.0,24447.0
2,1,17.0,48,9,7105.0,23088.0
1,22,7.41,50,4,9968.0,25843.0
12,22,5.99,75,2,4912.0,29145.0
3,18,14.0,82,4,13127.0,32242.0
2,19,14.0,28,12,4557.0,34497.0
11,19,15.0,58,2,6308.0,34610.0
6,9,23.0,46,6,12069.0,33853.0
12,13,13.0,71,1,5400.0,36186.0
6,16,25.8,57,4,13066.0,30249.0
5,5,8.23,91,1,6265.0,20250.0
1,0,0.86,86,1,4052.0,23711.0
10,18,22.0,68,3,4814.0,29423.0
9,15,23.0,64,6,4563.0,34032.0
5,23,15.96,71,1,3373.0,27589.0
6,3,17.23,83,0,5901.0,24033.0
11,6,6.86,92,1,2851.0,23823.0
10,4,9.58,89,1,2405.0,21420.0
12,8,5.0,86,1,6265.0,34752.0
11,8,11.0,100,1,2765.0,32876.0
6,3,22.0,78,1,5367.0,24677.0
4,12,19.9,35,6,10731.0,31385.0
6,20,21.0,73,2,8700.0,40239.0
5,14,23.66,29,2,5236.0,30158.0
9,14,26.21,65,1,1459.0,25413.0
11,11,17.0,93,3,2163.0,33271.0
4,18,13.71,87,1,3316.0,28938.0
3,4,8.0,93,1,8003.0,22757.0
3,6,10.0,87,1,1354.0,24001.0
3,9,14.36,49,2,5118.0,30244.0
7,0,23.0,60,2,4179.0,25934.0
4,19,20.0,34,4,2758.0,36087.0
5,14,20.42,38,2,8209.0,30136.0
12,22,11.0,87,3,4215.0,33462.0
4,5,12.0,81,0,5029.0,21830.0
12,16,19.49,52,3,7351.0,31048.0
5,23,13.81,68,1,7036.0,25190.0
5,18,26.0,47,5,3476.0,31697.0
12,19,10.37,84,1,11276.0,31981.0
4,2,16.0,67,2,3244.0,21021.0
6,2,20.0,82,2,11491.0,23505.0
3,6,9.0,87,2,2017.0,27752.0
3,8,13.0,62,6,12039.0,33587.0
10,12,23.0,38,3,2145.0,37023.0
1,23,7.5,58,12,9578.0,31243.0
12,1,15.05,57,5,7745.0,23491.0
6,11,25.8,47,1,2545.0,31946.0
2,13,16.91,36,6,13157.0,35428.0
6,10,20.01,40,1,7211.0,30770.0
12,10,14.0,58,12,5951.0,25515.0
1,10,10.0,61,4,8588.0,31735.0
12,16,16.0,26,4,6263.0,28788.0
9,6,19.0,88,0,3553.0,20486.0
6,0,22.0,83,1,9802.0,25691.0
2,12,8.75,48,10,12676.0,32503.0
6,10,24.37,61,0,5026.0,28821.0
10,12,16.0,87,4,9587.0,28481.0
9,9,18.66,73,1,3870.0,30481.0
12,13,14.0,67,0,2988.0,34849.0
1,8,5.0,86,2,5778.0,23972.0
3,5,12.0,46,4,9102.0,22239.0
4,19,16.0,63,3,7785.0,25628.0
8,4,19.15,83,0,4944.0,24162.0
8,5,19.66,92,0,3069.0,23854.0
7,22,27.0,69,3,4442.0,31590.0
5,7,11.26,74,1,7182.0,26864.0
1,0,9.19,34,6,9291.0,28539.0
5,9,14.0,71,2,8819.0,25001.0
11,11,18.0,59,1,2128.0,31781.0
11,12,16.0,55,1,12414.0,35720.0
5,2,11.79,76,0,9151.0,23683.0
2,10,8.8,66,8,807.0,30992.0
7,9,22.5,50,5,6407.0,32631.0
5,8,14.0,82,0,5881.0,21080.0
11,23,8.49,87,2,5626.0,29814.0
4,6,15.35,76,1,8929.0,25982.0
2,11,11.3,70,12,7239.0,36634.0
7,1,18.48,87,1,7332.0,25841.0
2,11,13.09,48,8,12497.0,34725.0
8,18,29.0,66,5,5974.0,28937.0
8,19,26.59,58,5,4422.0,31132.0
12,3,1.0,80,1,8610.0,22762.0
8,10,25.0,69,1,1099.0,31601.0
1,21,2.06,78,1,6478.0,37982.0
1,7,4.0,100,1,1999.0,27700.0
2,6,4.62,80,2,7860.0,22171.0
3,16,16.0,63,5,13259.0,30719.0
8,19,34.06,43,3,9021.0,29590.0
9,11,18.68,88,1,4779.0,36076.0
4,19,16.0,59,2,4163.0,33153.0
11,2,7.0,93,2,2008.0,23655.0
8,16,32.0,43,4,992.0,35075.0
11,1,17.0,93,0,5554.0,23391.0
5,8,16.0,87,2,1484.0,29502.0
8,5,20.32,87,0,3915.0,23275.0
11,18,18.0,88,3,4401.0,33438.0
5,6,17.0,77,1,2681.0,23948.0
11,15,23.5,58,2,2112.0,31521.0
5,10,22.0,40,4,2523.0,23960.0
6,21,21.51,26,2,6167.0,29828.0
2,13,17.0,42,2,4162.0,35386.0
7,21,27.36,74,5,2747.0,35191.0
9,19,29.0,58,3,4429.0,27370.0
2,20,8.0,87,0,9989.0,29181.0
4,3,16.0,93,1,4264.0,20296.0
9,0,18.71,73,7,5660.0,26372.0
1,5,1.63,75,2,7812.0,22195.0
4,2,16.0,87,1,11108.0,22903.0
1,23,10.03,62,9,4576.0,26854.0
9,20,18.58,70,1,5170.0,33208.0
6,2,17.96,88,1,7986.0,23254.0
4,14,16.88,26,5,4002.0,36161.0
1,18,23.0,33,7,8028.0,27580.0
3,15,15.81,42,3,6229.0,31601.0
11,13,20.0,30,5,9150.0,30288.0
3,10,16.0,55,1,4109.0,31828.0
5,8,11.05,80,1,5859.0,20790.0
2,16,22.0,35,7,5218.0,24848.0
9,5,23.06,50,0,5829.0,21308.0
12,8,5.0,65,5,5253.0,35449.0
1,5,7.6,64,6,2914.0,24198.0
2,17,17.0,45,5,12433.0,35160.0
7,11,27.89,61,1,14303.0,27711.0
9,13,23.1,31,7,7169.0,32360.0
2,16,19.0,55,3,7781.0,28266.0
10,8,15.0,67,3,7969.0,29451.0
5,7,14.0,82,1,6264.0,19935.0
9,13,22.47,89,2,4343.0,32175.0
9,21,19.31,40,1,6585.0,32206.0
9,11,21.13,73,2,2228.0,24288.0
4,3,14.0,71,2,2355.0,22730.0
10,21,14.98,100,1,4790.0,32013.0
2,3,6.4,72,3,2400.0,22163.0
3,15,26.0,21,5,3832.0,32522.0
10,4,15.35,88,0,5130.0,22088.0
10,2,9.51,87,0,5479.0,21952.0
6,19,25.15,42,1,5252.0,31633.0
8,20,29.0,74,5,6953.0,31869.0
5,15,25.7,36,3,14406.0,30630.0
1,21,6.9,78,1,8056.0,37183.0
9,18,27.77,66,5,10959.0,32464.0
5,10,22.0,49,5,5428.0,27971.0
7,7,23.0,83,1,1659.0,28154.0
11,2,17.0,88,2,3842.0,22631.0
12,21,11.0,71,3,6775.0,36712.0
4,1,8.51,95,1,7642.0,23307.0
2,20,10.3,90,2,8593.0,36679.0
2,3,5.0,93,4,3241.0,22595.0
11,13,15.0,72,0,2126.0,34084.0
3,21,21.0,32,2,5351.0,31481.0
6,13,26.65,51,5,5822.0,30302.0
4,12,18.69,63,3,2139.0,31999.0
5,16,25.0,44,4,2457.0,30476.0
8,6,25.0,88,0,3748.0,22088.0
6,0,19.09,62,1,8034.0,26493.0
11,20,15.0,87,0,2440.0,26209.0
11,3,8.0,87,2,5282.0,23250.0
3,16,10.08,52,2,1290.0,31176.0
12,6,8.0,93,1,5190.0,22201.0
10,15,26.0,50,3,7044.0,30273.0
6,12,26.0,36,3,11485.0,34024.0
8,7,22.01,83,1,7986.0,19481.0
2,20,8.34,79,1,5944.0,36189.0
4,11,17.0,42,0,4600.0,35420.0
7,17,35.15,32,4,6846.0,36956.0
6,23,21.77,69,0,9207.0,27136.0
5,6,15.0,82,1,831.0,23475.0
8,9,24.0,78,0,1875.0,30931.0
5,21,19.62,27,3,6139.0,38954.0
6,3,17.96,95,0,3170.0,23056.0
9,23,28.17,62,2,6037.0,26855.0
2,2,11.0,66,2,2542.0,25712.0
3,23,14.0,87,1,2924.0,28722.0
4,11,20.0,68,2,3624.0,31899.0
4,21,19.0,88,3,4984.0,30450.0
5,2,25.17,23,5,9540.0,23878.0
12,18,14.0,87,3,6739.0,27280.0
1,13,20.0,49,5,12488.0,36951.0
10,1,17.56,82,2,2596.0,24181.0
6,9,21.0,64,2,6178.0,31923.0
6,12,29.0,25,9,13703.0,34826.0
11,17,22.0,60,5,8018.0,31753.0
6,17,25.09,69,3,4159.0,29317.0
8,22,27.0,78,2,3739.0,31925.0
12,21,12.0,87,0,7806.0,33567.0
8,5,22.64,83,1,5132.0,21611.0
2,22,6.81,31,2,5315.0,34228.0
4,6,12.0,58,6,1704.0,26673.0
12,11,10.51,66,2,1841.0,24059.0
3,3,14.0,82,0,9895.0,23164.0
1,11,8.67,79,1,4273.0,34796.0
5,22,17.0,72,5,7986.0,29537.0
11,3,10.0,81,1,7039.0,23141.0
10,2,12.9,96,1,2462.0,22300.0
4,5,12.0,87,1,5301.0,21536.0
4,13,18.0,31,2,13887.0,33324.0
2,21,14.0,54,1,3118.0,34554.0
10,2,17.0,93,1,8027.0,23672.0
12,6,7.0,81,2,8107.0,19802.0
2,21,13.0,93,1,7277.0,31943.0
10,21,18.18,84,0,3233.0,31985.0
8,14,32.75,14,8,10387.0,32965.0
1,12,14.14,63,10,943.0,35364.0
8,1,21.32,81,0,2602.0,25036.0
5,17,19.0,72,4,11065.0,29092.0
5,12,17.0,33,1,5285.0,33828.0
9,8,24.0,73,2,2389.0,24150.0
3,4,10.0,87,1,4215.0,22900.0
4,6,3.84,87,1,8542.0,24492.0
9,2,23.0,83,4,3838.0,23835.0
7,4,23.0,73,2,2432.0,22392.0
5,3,11.53,76,1,9853.0,23113.0
11,12,22.0,43,1,1390.0,32023.0
10,16,25.0,41,3,2974.0,30435.0
6,20,27.0,57,4,3265.0,33679.0
3,14,16.0,17,2,11744.0,35144.0
10,14,25.0,47,1,3505.0,30643.0
10,19,16.22,68,4,7048.0,30411.0
12,14,15.08,59,5,4993.0,27066.0
9,10,21.0,83,3,3005.0,32601.0
10,21,17.0,82,2,5343.0,32068.0
1,5,8.0,76,3,8588.0,24275.0
8,13,33.0,43,2,1290.0,34403.0
11,17,17.0,42,6,3823.0,30445.0
12,4,7.49,90,1,6071.0,18539.0
1,3,5.37,78,3,6445.0,24185.0
1,9,3.0,93,1,3423.0,33411.0
5,20,25.0,31,3,5317.0,30059.0
9,15,21.24,62,4,5398.0,31072.0
8,19,32.55,11,8,9059.0,30897.0
3,0,15.0,67,3,7338.0,25206.0
10,11,17.67,88,1,10738.0,31630.0
1,22,13.5,67,20,16882.0,34593.0
6,13,27.0,61,5,2233.0,35471.0
12,5,10.49,81,2,2672.0,21642.0
7,14,30.91,62,3,4592.0,29024.0
5,0,15.03,79,1,10648.0,23103.0
11,13,21.0,41,0,2832.0,32176.0
5,23,20.0,56,6,1599.0,32397.0
6,12,29.26,20,2,1694.0,35314.0
4,16,18.76,48,7,3689.0,30368.0
2,22,12.7,54,1,11698.0,32704.0
11,2,17.0,42,5,10848.0,21946.0
5,11,20.36,35,10,8603.0,24306.0
12,9,7.0,45,5,12445.0,25405.0
3,10,12.7,82,0,3740.0,34184.0
1,3,7.0,65,2,3287.0,23367.0
6,18,22.01,57,1,5887.0,29696.0
6,0,16.24,71,1,4989.0,25080.0
9,20,24.81,51,4,3761.0,36925.0
10,2,12.36,93,1,9223.0,22277.0
5,19,19.41,47,1,8330.0,28869.0
12,5,4.0,86,2,6206.0,22246.0
7,14,30.0,55,4,5502.0,37471.0
4,11,19.0,72,0,2676.0,28241.0
11,23,16.0,100,2,5133.0,27569.0
2,21,12.0,76,1,9625.0,37328.0
3,16,10.27,78,2,5510.0,27489.0
7,21,27.61,62,3,3300.0,34969.0
10,17,25.0,41,4,13643.0,35390.0
2,7,8.45,70,6,3341.0,32251.0
11,16,22.0,28,1,5161.0,30552.0
5,10,21.52,49,0,8326.0,24145.0
9,19,24.57,50,4,3771.0,25144.0
9,23,16.03,88,4,5131.0,26009.0
10,16,27.02,43,2,3735.0,28797.0
4,9,12.81,73,1,7701.0,32952.0
5,5,12.99,63,1,3676.0,22371.0
4,0,14.0,67,1,5904.0,27790.0
5,14,21.0,28,4,5826.0,31444.0
6,21,27.26,65,3,4188.0,29150.0
8,22,29.0,70,3,5853.0,30987.0
4,1,10.28,82,1,2544.0,23466.0
12,1,9.5,93,1,4724.0,23997.0
2,13,22.2,46,10,15264.0,30598.0
7,10,27.72,47,1,742.0,36783.0
12,23,8.99,87,1,5443.0,31690.0
6,14,26.0,31,4,15127.0,26161.0
9,2,22.0,94,2,2733.0,22800.0
9,18,27.0,34,3,3328.0,31475.0
9,7,20.0,82,4,11103.0,30333.0
6,3,21.0,73,1,5480.0,21248.0
7,21,27.21,51,3,11457.0,32324.0
12,2,11.0,93,9,4255.0,23005.0
7,0,29.0,28,1,7881.0,27890.0
8,21,26.95,74,3,2104.0,30643.0
8,12,28.65,58,2,2780.0,35055.0
7,9,23.77,83,2,3768.0,32548.0
4,3,12.0,81,2,708.0,23249.0
7,20,33.0,27,5,4621.0,32613.0
10,20,21.0,77,2,9661.0,32699.0
7,3,22.35,65,1,6703.0,25093.0
1,18,15.25,39,3,2351.0,34403.0
6,16,31.0,38,4,3555.0,37773.0
12,4,13.5,100,6,7094.0,22861.0
7,5,21.25,69,1,1000.0,22968.0
7,9,26.11,83,1,2838.0,23958.0
1,3,5.0,100,1,2582.0,23415.0
6,1,18.2,82,0,2138.0,22460.0
10,9,12.35,98,1,4107.0,27509.0
12,16,17.0,77,5,5668.0,29814.0
7,19,28.48,66,6,2573.0,33904.0
10,19,24.0,64,3,9050.0,29725.0
2,12,18.0,52,2,6721.0,25503.0
11,12,14.0,82,2,2230.0,34267.0
5,10,16.0,67,1,8233.0,26968.0
8,16,33.0,24,5,2568.0,34083.0
6,11,23.0,56,1,4578.0,27602.0
12,10,7.0,81,1,2012.0,22644.0
4,14,20.0,42,3,2082.0,24988.0
6,21,26.0,69,3,2667.0,28878.0
8,4,26.0,78,3,5461.0,24584.0
2,2,13.0,62,6,13648.0,23670.0
7,2,22.72,83,1,6419.0,21724.0
4,9,10.55,83,1,7168.0,23171.0
3,12,10.26,81,2,2236.0,35175.0
6,6,18.0,82,0,3762.0,21391.0
12,8,7.0,87,2,2296.0,22616.0
9,18,32.61,43,4,2977.0,33286.0
12,0,12.0,93,0,2781.0,27461.0
7,0,23.93,61,3,2031.0,25103.0
5,0,11.95,75,1,9685.0,23785.0
9,17,25.0,61,3,2703.0,32966.0
3,15,24.31,14,4,9278.0,31986.0
6,20,28.38,28,0,11177.0,32573.0
11,15,23.0,56,2,5396.0,25720.0
10,8,13.91,99,1,2203.0,24729.0
12,19,14.48,72,1,3579.0,31776.0
9,22,20.56,64,1,3151.0,27252.0
10,4,11.0,100,1,4731.0,23544.0
6,22,21.46,72,1,8008.0,30659.0
2,1,4.2,92,0,6828.0,26017.0
3,15,18.0,25,6,8152.0,27845.0
9,23,25.0,78,0,6554.0,29451.0
12,4,5.82,87,1,5428.0,19870.0
4,5,14.0,82,1,4041.0,19144.0
10,8,13.0,82,1,6348.0,21302.0
5,20,21.0,60,2,6328.0,25069.0
9,12,28.0,54,2,767.0,30733.0
10,12,14.97,100,1,1538.0,31860.0
2,2,11.0,40,7,9308.0,23566.0
12,13,13.0,16,3,10101.0,24951.0
9,20,24.96,57,2,11454.0,31947.0
1,7,7.0,100,0,5614.0,32285.0
9,13,24.0,31,5,547.0,31577.0
12,23,-1.24,88,0,7372.0,26655.0
6,6,19.22,43,5,7699.0,26061.0
6,13,28.0,45,2,4051.0,34653.0
1,8,9.0,61,3,8703.0,27507.0
5,15,21.0,52,7,2848.0,31119.0
2,23,5.93,87,1,4987.0,28927.0
12,3,9.0,87,0,2962.0,23125.0
5,8,18.0,68,3,5255.0,24131.0
12,20,13.0,93,1,7261.0,31884.0
12,16,18.0,52,3,2527.0,25900.0
9,12,29.0,51,2,8314.0,34899.0
10,2,13.96,100,1,2786.0,22490.0
5,0,17.17,66,2,3359.0,24949.0
5,18,27.0,28,8,7476.0,24806.0
3,19,14.4,59,4,8315.0,32527.0
4,1,8.42,68,1,11089.0,27495.0
7,8,20.01,78,1,4791.0,31092.0
1,18,6.8,56,1,5449.0,31620.0
6,3,17.0,88,1,4350.0,23285.0
11,1,15.0,93,1,4227.0,24435.0
4,7,7.0,87,0,7149.0,27811.0
12,10,14.0,82,9,9164.0,30963.0
10,16,24.56,51,1,392.0,29859.0
12,16,10.0,46,10,8846.0,33268.0
7,22,27.0,69,3,5693.0,29886.0
11,18,18.0,23,3,2888.0,35072.0
7,11,26.42,49,1,2390.0,25830.0
5,8,17.0,77,1,1218.0,29111.0
11,11,16.0,55,5,3564.0,36179.0
12,6,8.0,93,0,2627.0,21166.0
5,14,21.48,37,4,6963.0,24642.0
12,11,8.51,87,1,2422.0,30774.0
9,5,18.0,82,2,2757.0,23936.0
2,1,13.0,93,2,6165.0,24584.0
10,3,16.0,93,1,4082.0,19505.0
12,8,5.49,81,3,5812.0,36741.0
11,15,25.0,29,4,4696.0,31541.0
7,6,20.63,88,0,2565.0,24535.0
8,5,26.0,78,1,3296.0,23352.0
3,19,10.17,93,3,10190.0,34655.0
4,6,13.0,82,1,2153.0,19627.0
9,14,29.0,70,3,11210.0,33899.0
4,22,17.0,77,2,7654.0,28892.0
1,5,12.1,57,7,2358.0,21869.0
4,16,21.32,32,2,12509.0,31013.0
9,7,18.83,83,1,6751.0,27423.0
4,2,14.0,71,1,2635.0,22970.0
3,22,17.22,46,1,8582.0,29094.0
11,4,11.0,57,1,6797.0,22969.0
6,2,17.17,88,1,4752.0,22765.0
1,16,13.02,67,1,3778.0,35190.0
1,20,12.0,71,1,2422.0,23947.0
9,13,24.0,64,5,2434.0,33942.0
3,9,9.0,100,3,12149.0,32515.0
12,8,10.0,81,3,3384.0,30089.0
2,10,12.0,71,2,7943.0,27257.0
6,17,31.0,35,4,2626.0,30607.0
12,0,-0.08,79,1,6465.0,29107.0
12,21,7.85,80,1,5332.0,31268.0
1,18,14.85,37,4,9596.0,36045.0
1,19,7.3,47,3,9726.0,34127.0
8,5,24.0,94,1,3781.0,23457.0
4,15,23.0,33,6,11387.0,24359.0
7,19,27.69,45,3,6417.0,34022.0
8,18,32.03,41,4,3639.0,27101.0
3,7,8.89,71,3,6872.0,23235.0
10,5,14.11,88,1,1885.0,22037.0
10,10,12.49,76,2,6405.0,30879.0
8,6,24.0,83,1,4522.0,26695.0
7,19,29.86,45,6,5926.0,26810.0
8,0,25.56,74,3,5506.0,31221.0
6,2,25.0,73,2,4617.0,25080.0
6,20,24.33,31,3,2714.0,33977.0
6,22,23.51,61,1,4730.0,31625.0
10,2,16.62,97,1,6097.0,23289.0
5,17,22.0,56,4,3384.0,33815.0
1,1,13.0,71,4,6979.0,24350.0
4,3,15.0,77,2,7565.0,22718.0
6,6,16.18,52,0,6514.0,24978.0
7,23,23.0,69,1,12017.0,29358.0
12,20,13.0,87,4,7675.0,35756.0
2,9,13.0,62,2,9238.0,32998.0
12,16,14.0,47,1,5679.0,34728.0
2,7,8.0,49,6,6675.0,23188.0
2,11,9.0,57,2,1005.0,33079.0
12,5,5.0,80,2,2033.0,23099.0
2,11,5.7,87,2,5279.0,34330.0
11,23,14.0,62,4,3389.0,27966.0
5,5,9.0,81,1,5233.0,24433.0
11,6,15.0,93,2,4130.0,26178.0
5,5,13.19,60,2,3800.0,23631.0
5,19,15.71,72,0,4916.0,29064.0
3,8,9.0,71,3,9799.0,32424.0
5,10,22.38,49,1,1452.0,23987.0
1,14,14.82,51,2,9152.0,26416.0
3,10,18.0,55,7,2208.0,28767.0
6,16,30.0,23,2,3972.0,26315.0
6,21,25.54,32,3,1155.0,30923.0
8,19,25.48,65,4,7968.0,27044.0
3,14,24.5,24,2,7349.0,27293.0
5,12,16.06,23,6,13524.0,31580.0
8,1,21.77,92,0,3994.0,23858.0
12,14,18.51,45,3,4120.0,34191.0
1,6,12.6,28,11,7036.0,19404.0
5,20,22.2,32,4,5514.0,29874.0
7,14,29.0,54,5,2371.0,30879.0
4,13,11.0,93,2,7689.0,32318.0
1,12,12.98,73,0,3194.0,34084.0
9,22,22.93,74,3,5195.0,30012.0
3,11,10.63,50,2,5049.0,34362.0
1,7,11.0,57,5,8480.0,25806.0
4,9,13.0,82,0,3788.0,21137.0
8,16,30.0,55,5,4674.0,30216.0
5,12,14.89,88,3,5064.0,34966.0
5,1,16.0,82,1,3021.0,28697.0
6,23,20.0,72,2,8318.0,32492.0
8,10,22.6,61,2,1353.0,29770.0
7,13,32.0,31,5,4096.0,36626.0
8,4,25.0,88,1,6999.0,24833.0
5,20,24.0,47,3,7307.0,30780.0
10,23,17.0,55,3,1302.0,26287.0
6,12,32.0,27,1,6931.0,36091.0
11,2,9.0,100,1,1648.0,22363.0
5,16,27.0,34,4,3380.0,29249.0
10,23,23.0,78,1,4572.0,26574.0
10,0,14.64,82,1,2113.0,24356.0
2,13,15.0,51,5,13208.0,37292.0
3,17,17.42,34,3,5973.0,31760.0
2,7,12.0,76,1,2622.0,30704.0
8,2,18.9,89,0,3941.0,23646.0
2,21,11.57,76,1,4262.0,31778.0
12,11,12.11,65,1,4949.0,24924.0
12,7,2.49,93,2,5697.0,21639.0
12,4,8.94,93,1,6733.0,20239.0
3,14,20.0,40,3,14013.0,33422.0
1,19,13.42,48,8,3772.0,34052.0
2,4,7.8,83,3,11746.0,19850.0
9,2,18.38,77,1,3599.0,22784.0
4,10,15.0,62,1,3656.0,38285.0
4,10,14.0,67,2,4613.0,28478.0
1,13,10.96,78,2,3506.0,37362.0
3,6,6.53,96,1,6111.0,26272.0
8,17,29.22,58,5,2708.0,31601.0
12,8,11.0,93,2,4419.0,22256.0
12,15,16.65,37,5,10006.0,28684.0
7,23,27.0,78,2,5219.0,29950.0
5,2,17.0,82,1,6505.0,21189.0
12,8,14.0,100,6,9168.0,26515.0
6,21,29.0,28,3,4309.0,34322.0
6,3,20.0,72,2,3983.0,23459.0
8,4,26.0,74,3,5299.0,22562.0
5,23,20.0,72,1,7845.0,25139.0
5,18,23.43,60,5,9278.0,29489.0
3,13,20.0,49,3,6306.0,30482.0
7,21,28.0,54,5,4024.0,34134.0
12,19,12.99,76,1,2136.0,29187.0
9,17,28.5,40,4,2387.0,23152.0
9,0,23.0,88,2,2882.0,27381.0
9,9,15.0,62,3,1866.0,26091.0
2,8,12.0,100,0,8381.0,32962.0
3,17,21.5,36,5,9798.0,30348.0
8,2,23.99,78,1,12858.0,23985.0
10,5,14.0,82,2,3478.0,22576.0
5,18,15.61,90,2,10757.0,30255.0
9,18,19.79,60,5,1449.0,29461.0
10,0,10.63,93,1,6402.0,24486.0
10,13,23.0,64,4,2944.0,26015.0
8,12,32.0,49,2,2267.0,27461.0
9,8,20.74,88,1,3506.0,35805.0
3,22,9.97,94,8,10907.0,31247.0
7,5,24.0,78,2,4083.0,23974.0
11,17,14.0,71,7,7828.0,33609.0
8,5,24.81,69,1,5836.0,23674.0
2,6,7.0,93,1,1526.0,21512.0
5,7,14.7,58,3,4711.0,22388.0
7,11,29.0,42,0,2312.0,36614.0
4,7,3.84,85,1,8949.0,27860.0
8,15,32.01,52,3,3065.0,28102.0
6,15,29.0,26,6,10284.0,32744.0
11,21,19.0,82,1,4126.0,37243.0
7,10,27.35,54,1,2489.0,34655.0
8,23,24.77,74,1,8394.0,30405.0
10,21,20.0,68,1,5233.0,31147.0
12,10,12.48,58,3,13168.0,35444.0
3,16,18.0,25,14,15160.0,29452.0
1,4,3.6,95,1,4738.0,22587.0
9,16,32.84,38,4,14395.0,32308.0
2,19,10.4,79,1,6125.0,35770.0
9,1,20.0,77,1,3981.0,24710.0
6,6,19.0,77,1,4691.0,20470.0
9,8,20.6,69,3,5285.0,29963.0
3,3,13.0,54,1,2763.0,20052.0
5,10,21.0,73,2,1077.0,31589.0
9,17,19.84,94,0,3526.0,37184.0
7,3,26.29,78,1,5061.0,23186.0
12,19,10.48,71,1,7354.0,30271.0
5,4,13.48,59,2,3507.0,21917.0
9,18,26.0,50,4,2165.0,30959.0
9,1,18.4,84,1,6356.0,24402.0
11,9,14.0,71,2,11130.0,30897.0
12,4,7.99,76,2,8099.0,23515.0
2,2,13.0,66,4,9984.0,25646.0
11,5,16.0,87,1,9407.0,24932.0
4,0,13.0,76,0,3466.0,23051.0
11,4,9.99,57,2,6316.0,23913.0
3,9,11.0,71,5,3288.0,34788.0
12,1,8.0,61,2,7815.0,26275.0
1,1,9.0,66,2,4815.0,26561.0
1,7,9.7,84,4,12564.0,25325.0
6,2,17.3,60,1,9130.0,22563.0
6,4,21.0,68,2,7902.0,23605.0
10,9,16.0,93,2,9814.0,26291.0
7,8,23.0,88,1,1260.0,32459.0
4,3,4.21,89,1,4369.0,21932.0
3,18,21.3,44,3,4841.0,30973.0
2,5,7.0,93,1,6327.0,20716.0
2,22,10.43,81,2,7248.0,28479.0
2,15,11.5,83,4,5410.0,26123.0
1,16,20.34,37,5,7645.0,25176.0
2,0,9.9,34,5,1946.0,26897.0
2,6,0.16,92,1,5746.0,22626.0
7,20,29.0,66,3,3781.0,33158.0
4,12,14.0,71,1,3582.0,35600.0
6,19,26.57,23,3,5613.0,36767.0
6,6,22.0,78,1,2641.0,26699.0
11,6,5.0,65,2,2116.0,26258.0
2,8,3.93,59,4,10531.0,35071.0
1,15,10.6,55,12,9599.0,36479.0
1,13,23.0,33,6,8888.0,28038.0
3,1,12.15,70,0,5486.0,24370.0
3,16,11.38,42,1,3640.0,24863.0
11,5,11.0,93,0,3796.0,24310.0
8,7,20.14,83,0,8131.0,31808.0
10,8,13.47,93,0,4362.0,
1,11,12.6,54,3,8412.0,27460.0
7,1,26.0,78,1,4093.0,25004.0
9,15,27.91,54,4,5963.0,30887.0
4,23,14.0,76,1,5258.0,27087.0
6,7,23.0,83,2,1764.0,28657.0
4,18,24.0,29,3,3325.0,28408.0
5,21,25.0,53,3,6054.0,28341.0
5,3,15.0,72,1,3428.0,22591.0
3,4,15.24,57,5,10014.0,20421.0
5,13,24.0,38,4,2589.0,32090.0
6,8,17.76,88,1,4476.0,29723.0
2,16,18.0,31,1,2817.0,31205.0
1,8,8.34,93,1,3230.0,26616.0
2,2,3.4,49,9,5435.0,19888.0
7,3,17.1,92,0,5379.0,22982.0
10,1,17.0,93,1,8745.0,24692.0
8,17,28.47,58,3,4752.0,25793.0
6,17,20.36,73,1,5378.0,30050.0
3,0,8.03,88,5,9355.0,27115.0
2,12,8.2,93,3,1881.0,33878.0
5,21,19.36,46,2,5860.0,29809.0
10,23,22.0,78,1,9319.0,24810.0
4,7,9.85,92,0,4730.0,27386.0
8,12,29.0,62,3,8528.0,34245.0
4,2,19.0,45,6,12177.0,23961.0
3,13,16.59,59,3,5436.0,33507.0
10,14,25.0,61,2,780.0,31609.0
7,15,32.23,59,5,3325.0,36642.0
9,19,25.0,53,4,2076.0,31260.0
6,22,26.0,54,1,8479.0,29444.0
11,4,13.0,93,1,2916.0,23264.0
6,21,22.17,64,3,6427.0,29571.0
4,9,11.0,76,0,1385.0,24124.0
8,19,30.0,62,4,6555.0,32940.0
8,6,21.99,88,1,1028.0,23853.0
1,3,14.0,50,9,6111.0,22025.0
2,17,15.0,82,3,7984.0,30713.0
11,14,20.0,60,1,1207.0,24711.0
7,9,24.42,61,2,3142.0,31978.0
1,22,4.7,94,1,6398.0,32697.0
10,1,19.0,93,1,2432.0,22265.0
1,12,14.0,62,6,9445.0,32949.0
5,1,11.48,90,1,6530.0,22176.0
8,0,22.46,74,3,4361.0,28305.0
7,8,22.0,83,2,811.0,30960.0
7,23,26.0,50,1,5543.0,29740.0
5,7,15.0,67,1,5358.0,22916.0
11,14,17.0,93,2,1681.0,32148.0
3,7,9.0,57,5,6981.0,24109.0
2,12,15.0,30,5,12655.0,35288.0
8,14,32.0,38,5,3774.0,25534.0
8,13,30.0,62,5,10085.0,34529.0
11,14,10.0,93,3,6049.0,34982.0
7,9,24.82,57,2,3653.0,29832.0
2,19,13.21,30,5,5822.0,28803.0
6,14,26.0,36,1,1483.0,34964.0
9,16,24.14,53,1,1730.0,29505.0
3,1,10.66,98,6,8038.0,24605.0
3,11,15.71,61,1,1867.0,26998.0
1,5,2.0,93,1,4798.0,23864.0
4,0,7.62,86,2,8458.0,23475.0
3,1,10.02,78,1,6330.0,22610.0
1,19,8.0,20,7,12932.0,39632.0
6,0,24.0,36,4,6126.0,27099.0
2,15,9.3,70,4,2882.0,32802.0
12,7,1.0,55,2,7220.0,20336.0
9,9,20.63,69,4,4872.0,31619.0
5,9,12.65,84,1,2681.0,30577.0
4,5,9.0,87,0,2791.0,21690.0
12,16,18.0,42,1,1340.0,32327.0
1,5,5.0,100,2,9296.0,25507.0
10,17,23.57,64,4,3971.0,24376.0
3,22,14.9,68,1,3286.0,31047.0
1,5,11.86,93,1,5711.0,18054.0
4,5,8.0,70,0,12896.0,23006.0
1,18,15.0,77,2,4888.0,34336.0
4,10,14.0,47,4,2703.0,28900.0
10,1,15.0,93,1,2129.0,24093.0
8,2,21.47,81,1,2308.0,23894.0
5,12,17.88,39,1,14137.0,28021.0
7,8,23.84,78,1,2098.0,26553.0
12,20,9.0,81,0,1446.0,30751.0
10,22,22.0,78,1,9283.0,26472.0
8,11,26.0,57,1,4801.0,31146.0
12,16,13.0,30,4,4112.0,27717.0
7,5,24.0,83,1,6097.0,22603.0
10,5,15.23,72,1,6611.0,20752.0
7,11,27.0,61,1,1519.0,30404.0
3,2,10.86,81,2,5457.0,23004.0
1,10,16.58,60,7,7337.0,33719.0
7,11,28.0,69,3,971.0,30788.0
6,2,25.0,69,2,2798.0,25535.0
2,19,17.0,59,2,3668.0,36501.0
10,7,20.0,82,2,2835.0,26845.0
5,17,22.0,40,6,7423.0,29264.0
10,4,15.19,92,1,4454.0,20953.0
5,23,21.0,52,1,2099.0,25078.0
12,2,11.0,87,5,2143.0,23027.0
1,15,16.02,69,2,1549.0,31908.0
9,22,23.09,74,1,3614.0,34169.0
5,4,20.0,88,0,5930.0,21041.0
7,1,24.91,83,2,6301.0,28473.0
11,18,19.0,22,2,5882.0,30037.0
2,17,15.3,46,8,8584.0,33159.0
2,7,2.4,65,1,2799.0,28366.0
1,10,7.0,70,4,6327.0,38374.0
3,19,15.0,62,4,13270.0,30181.0
2,18,14.78,40,7,13253.0,33441.0
9,6,15.95,68,0,4059.0,24485.0
10,9,15.52,92,1,2677.0,30174.0
9,22,23.0,78,1,2278.0,27755.0
3,8,6.0,56,3,12822.0,35538.0
12,2,6.0,70,1,7621.0,24788.0
7,20,29.0,62,4,3648.0,29441.0
4,18,17.18,59,3,4930.0,29407.0
8,9,19.28,72,1,2565.0,25963.0
4,3,11.0,87,2,2520.0,22024.0
12,10,14.0,41,9,14017.0,33493.0
8,0,20.61,88,1,5344.0,24973.0
10,4,19.0,88,1,3580.0,19588.0
7,7,21.97,64,1,2643.0,29461.0
12,1,8.0,70,3,10301.0,26094.0
9,19,28.49,29,6,12807.0,30476.0
7,16,28.74,62,5,2092.0,24602.0
2,2,5.0,75,3,7391.0,21601.0
10,14,14.0,44,1,10008.0,26579.0
1,2,2.0,93,1,4741.0,24398.0
3,0,21.0,28,2,7396.0,26196.0
10,23,21.0,83,1,1482.0,26844.0
8,21,25.73,69,3,11419.0,35088.0
7,5,24.0,83,0,2500.0,22073.0
4,11,19.0,45,0,2514.0,32117.0
4,9,11.0,76,0,2185.0,26512.0
1,18,8.41,39,0,4287.0,30332.0
5,11,18.02,68,1,2692.0,35202.0
5,7,13.0,76,2,3121.0,25122.0
11,23,4.0,90,2,4767.0,28882.0
1,2,7.2,72,2,9014.0,24265.0
7,11,26.0,57,1,3228.0,31715.0
3,19,14.0,47,13,13676.0,31101.0
12,18,16.0,44,3,2952.0,29592.0
11,9,13.0,62,5,1944.0,30517.0
4,16,24.0,33,5,2513.0,30500.0
11,1,6.0,70,1,1179.0,25601.0
12,14,13.0,50,1,5220.0,35472.0
8,19,29.0,66,0,5744.0,26649.0
3,8,8.0,82,6,2782.0,31046.0
3,19,15.82,20,12,5718.0,21594.0
12,15,18.01,51,0,1362.0,26728.0
5,15,25.8,33,3,4761.0,29536.0
8,14,30.66,48,2,2444.0,35000.0
2,7,6.0,93,2,11802.0,26479.0
8,0,25.0,78,1,6686.0,24679.0
10,5,11.25,90,1,5788.0,22376.0
10,20,17.0,93,3,7115.0,32756.0
1,4,7.0,100,4,6555.0,26095.0
10,19,24.0,69,4,7526.0,25254.0
11,16,14.04,55,4,11536.0,32934.0
12,1,13.0,82,3,11782.0,24979.0
2,12,18.31,53,8,1424.0,34029.0
3,14,18.75,19,3,14893.0,27211.0
4,14,18.0,34,9,10480.0,25477.0
5,11,22.0,46,1,2261.0,28429.0
6,19,27.0,22,6,3743.0,23497.0
8,22,27.0,83,3,5670.0,30810.0
8,22,24.48,69,3,9143.0,31015.0
8,6,21.0,68,2,3752.0,25094.0
8,18,29.84,62,4,7389.0,34570.0
10,19,22.0,56,3,7373.0,26468.0
10,20,19.06,83,0,3796.0,27912.0
7,18,29.9,45,4,2842.0,28364.0
3,4,8.81,45,1,6607.0,21737.0
4,16,23.4,38,8,8990.0,30557.0
7,16,31.0,40,7,3639.0,34057.0
11,19,19.5,85,1,3959.0,30453.0
8,18,31.95,62,6,6158.0,28639.0
7,11,31.57,58,1,3716.0,37353.0
12,13,17.0,72,1,2740.0,28320.0
3,10,14.0,67,1,1174.0,30792.0
2,18,18.0,42,7,12124.0,30424.0
2,20,13.56,76,1,2254.0,29919.0
8,1,22.43,61,1,3208.0,24130.0
2,19,9.8,88,2,6343.0,29001.0
2,10,10.42,52,1,2543.0,29463.0
8,15,28.0,51,5,3916.0,25928.0
4,12,17.0,42,7,1183.0,32963.0
5,12,24.0,50,1,2050.0,33492.0
6,22,23.0,78,4,10840.0,32222.0
9,2,22.5,78,0,4062.0,25522.0
5,19,24.0,50,4,4517.0,29797.0
11,18,20.0,68,3,14084.0,34623.0
6,10,23.38,60,1,2299.0,34616.0
9,16,28.15,27,6,11058.0,30377.0
4,2,18.43,52,2,5008.0,21645.0
12,7,7.0,100,1,2022.0,28874.0
2,22,8.75,27,9,14115.0,33581.0
12,22,9.0,100,1,1547.0,33428.0
9,12,26.0,21,2,4622.0,32011.0
1,21,9.0,81,0,2098.0,26841.0
3,16,30.0,28,3,4241.0,25386.0
1,7,3.0,100,1,5159.0,23013.0
11,17,16.0,63,2,5074.0,33774.0
10,2,11.04,87,1,1273.0,22099.0
9,13,26.0,83,1,3613.0,32047.0
8,7,24.0,78,1,5954.0,23798.0
4,12,20.0,68,2,526.0,26359.0
8,7,20.0,77,2,4878.0,25405.0
7,5,19.31,83,1,7717.0,23392.0
9,23,26.0,74,2,9676.0,28558.0
2,14,11.0,32,1,2232.0,29527.0
8,5,22.17,83,2,2446.0,20591.0
6,4,17.22,82,1,7856.0,22690.0
12,22,11.0,100,1,4625.0,32172.0
3,20,12.0,30,2,11992.0,38134.0
2,21,8.14,95,1,6717.0,30768.0
1,5,3.4,56,16,8045.0,24273.0
3,21,14.0,82,4,9618.0,30708.0
6,9,23.0,53,0,5737.0,31465.0
1,23,7.27,93,1,2646.0,30025.0
4,14,16.0,48,4,6819.0,30163.0
10,3,16.86,88,1,5206.0,21901.0
1,15,12.6,31,3,9345.0,34752.0
10,1,19.0,88,4,852.0,24037.0
10,4,13.49,97,1,5272.0,21471.0
8,0,26.0,78,3,3868.0,28607.0
10,14,16.0,61,13,13466.0,33048.0
2,8,14.96,48,9,10964.0,22827.0
5,7,14.15,82,1,4592.0,26850.0
6,11,24.48,35,1,1525.0,30858.0
1,7,12.3,63,3,8693.0,31518.0
6,17,32.0,33,5,3060.0,36587.0
12,3,9.0,87,1,5654.0,23822.0
5,16,25.0,53,8,3969.0,23399.0
12,19,14.0,71,2,5885.0,30169.0
3,6,4.71,83,2,2560.0,23465.0
6,8,21.09,69,1,3114.0,30443.0
8,17,30.0,62,5,5181.0,29873.0
8,8,23.0,94,1,2859.0,30032.0
4,11,17.0,72,1,2841.0,31416.0
7,22,23.95,69,3,3238.0,30629.0
2,13,14.0,30,8,3051.0,37055.0
7,12,29.83,40,1,1761.0,33179.0
10,14,20.42,71,1,2036.0,30226.0
3,11,10.85,44,5,2968.0,31290.0
2,22,7.0,91,1,3558.0,28158.0
3,1,8.81,45,1,7040.0,24384.0
9,8,19.0,88,1,3876.0,21359.0
12,11,12.0,76,1,3939.0,28528.0
4,2,10.0,100,3,10485.0,23446.0
12,7,4.0,86,0,1878.0,28867.0
7,6,20.77,88,0,6500.0,22710.0
4,4,14.44,82,2,5186.0,22901.0
10,8,12.35,98,1,4227.0,25205.0
12,9,12.0,81,0,3573.0,32542.0
1,3,6.3,88,1,1386.0,23626.0
3,4,10.81,62,3,7973.0,20937.0
6,10,20.96,72,3,2542.0,25842.0
11,7,8.0,93,1,4198.0,28954.0
12,17,20.49,49,3,4463.0,32704.0
10,8,11.0,87,1,3157.0,30771.0
5,21,13.22,77,2,10689.0,29543.0
5,5,17.24,52,2,11958.0,26047.0
12,8,14.0,93,0,6729.0,31954.0
2,22,14.27,50,2,10169.0,32844.0
1,14,20.0,42,3,12865.0,35546.0
2,18,13.0,54,1,11927.0,27284.0
11,19,22.0,40,6,11863.0,33023.0
2,13,7.0,93,4,8461.0,29175.0
1,20,2.62,91,0,5549.0,22858.0
4,8,8.0,81,1,4144.0,29799.0
12,16,15.0,38,9,13224.0,30062.0
3,5,10.0,87,1,4336.0,23380.0
10,23,19.0,88,1,5503.0,24623.0
2,22,19.08,56,11,14879.0,29343.0
1,10,11.7,53,2,3865.0,33325.0
6,8,23.0,69,0,1678.0,32126.0
6,3,22.0,78,2,3655.0,23001.0
9,12,28.0,54,0,758.0,35474.0
9,9,14.59,72,1,4081.0,29779.0
9,0,24.75,44,1,11004.0,25339.0
12,17,14.0,30,2,10750.0,29307.0
11,22,11.0,81,3,15009.0,30295.0
2,2,10.1,70,4,11618.0,24897.0
7,7,21.41,83,0,4060.0,29538.0
10,23,18.0,72,1,3419.0,24494.0
4,5,13.58,60,1,2260.0,22593.0
4,20,17.73,63,2,4095.0,33708.0
11,16,14.0,87,5,3936.0,26765.0
7,15,17.44,92,0,6065.0,36234.0
6,12,22.69,45,0,2117.0,31940.0
7,5,25.0,50,1,6169.0,24179.0
8,12,28.0,61,0,3620.0,35746.0
8,9,20.0,94,0,943.0,31397.0
1,0,7.48,57,4,6318.0,25135.0
11,17,13.0,93,1,5924.0,33450.0
12,7,2.94,100,1,3571.0,29035.0
10,7,12.14,86,2,4593.0,28397.0
4,11,20.0,42,4,3789.0,32582.0
5,19,13.95,93,2,4536.0,37153.0
10,6,13.72,84,1,1121.0,24813.0
11,16,17.0,33,4,7877.0,30347.0
1,15,14.0,58,1,2037.0,32097.0
2,9,6.0,100,1,9325.0,36318.0
3,13,14.57,61,2,6034.0,32326.0
10,1,17.83,85,1,12450.0,26000.0
6,6,16.48,86,1,5504.0,25237.0
4,10,10.1,61,4,1527.0,33323.0
12,14,20.0,56,1,10032.0,27530.0
9,2,17.68,88,1,3447.0,22814.0
8,3,26.0,74,0,7907.0,24377.0
9,16,22.3,69,4,5016.0,25779.0
10,1,20.0,82,2,2418.0,22016.0
3,20,13.3,55,3,5858.0,36557.0
6,11,28.0,58,1,1596.0,31345.0
4,7,9.52,71,4,6695.0,27879.0
11,23,14.0,46,8,7470.0,27941.0
2,15,15.0,72,1,13761.0,33929.0
4,11,19.0,82,3,8069.0,31697.0
1,10,9.92,52,4,6460.0,35678.0
6,1,17.96,95,0,3073.0,24745.0
11,17,18.0,16,8,11878.0,31941.0
4,1,11.0,81,1,2512.0,21949.0
8,10,27.0,73,1,601.0,25347.0
8,10,23.81,69,3,3068.0,34137.0
1,10,2.3,73,2,3775.0,38585.0
8,18,29.0,62,3,4723.0,27520.0
6,5,18.57,87,1,2365.0,25768.0
1,6,2.9,95,1,4809.0,22551.0
12,9,2.0,67,2,3190.0,28382.0
3,5,10.0,100,1,3823.0,23887.0
9,6,16.35,86,1,2735.0,25329.0
9,23,24.0,73,3,4722.0,26989.0
1,8,2.3,68,8,4310.0,36474.0
12,5,8.0,93,1,3964.0,25615.0
7,13,29.0,54,3,2141.0,37259.0
5,13,25.0,44,2,2304.0,32074.0
2,17,11.0,76,6,11289.0,33282.0
1,9,3.4,77,1,3873.0,31932.0
6,15,27.0,34,4,4226.0,31480.0
8,1,22.24,74,1,5243.0,24346.0
4,2,11.88,76,2,6501.0,24532.0
5,6,13.95,76,3,5624.0,24665.0
10,10,15.99,88,1,10770.0,31445.0
6,22,22.6,66,0,1620.0,29981.0
1,4,-1.18,80,1,9607.0,21145.0
7,19,29.62,55,5,4151.0,36733.0
12,8,1.0,80,1,5501.0,35688.0
7,19,32.0,35,5,2937.0,29829.0
8,5,18.04,77,3,5095.0,24101.0
10,15,18.5,70,1,2587.0,26473.0
7,18,29.81,55,6,4187.0,29607.0
3,16,16.5,31,5,8236.0,31842.0
12,22,10.0,100,1,4230.0,28842.0
5,22,22.0,73,2,4877.0,30396.0
10,15,20.78,55,1,2731.0,27384.0
3,5,11.0,57,3,7253.0,24242.0
9,23,23.57,39,3,11769.0,26619.0
1,18,11.0,66,1,5928.0,30547.0
3,5,9.0,76,1,1952.0,19881.0
5,22,20.0,72,2,2686.0,29021.0
12,1,8.98,76,5,7021.0,24533.0
1,0,6.09,100,7,7325.0,30667.0
1,5,6.08,60,3,9561.0,23866.0
12,4,6.49,93,1,2569.0,19894.0
5,20,22.0,60,2,2239.0,30094.0
6,7,16.75,77,1,6664.0,22771.0
6,9,24.0,69,2,973.0,24328.0
6,18,24.28,69,4,4683.0,29123.0
4,1,12.0,81,2,5547.0,23269.0
12,21,17.0,63,2,11986.0,32538.0
12,7,8.0,100,0,15084.0,30993.0
8,18,28.45,36,1,4598.0,25189.0
12,14,19.0,59,1,3810.0,34216.0
9,11,20.94,64,1,649.0,28394.0
1,17,11.25,47,4,5579.0,34829.0
7,1,25.42,74,0,4185.0,28891.0
3,18,14.0,54,7,9216.0,29025.0
12,11,14.0,82,2,2408.0,30650.0
4,19,21.93,43,1,4086.0,28223.0
8,15,28.28,54,1,11272.0,31246.0
2,4,13.0,62,4,13750.0,23088.0
6,2,25.0,83,2,4274.0,27491.0
2,14,14.17,81,1,4880.0,33034.0
12,8,2.51,100,2,5320.0,22662.0
5,17,26.1,43,4,2622.0,23474.0
9,1,18.78,88,0,5780.0,22231.0
10,5,13.56,71,4,7398.0,22197.0
9,18,26.0,50,5,9565.0,31646.0
6,19,24.7,54,6,9542.0,30335.0
6,17,27.84,46,3,6003.0,31844.0
12,4,6.48,93,1,7567.0,21084.0
7,15,28.44,45,4,7074.0,30648.0
9,4,15.84,59,2,5233.0,20504.0
1,14,12.96,38,8,9068.0,23378.0
3,6,9.0,87,1,3325.0,25256.0
6,14,26.97,51,3,2371.0,31117.0
2,9,10.0,81,1,12306.0,34846.0
8,4,26.0,74,2,4876.0,24788.0
3,9,13.91,38,2,10251.0,27259.0
9,18,25.5,54,4,2322.0,29570.0
7,7,26.0,31,2,7432.0,27818.0
3,15,10.16,58,6,15324.0,32695.0
6,21,30.0,45,3,4440.0,32790.0
3,2,7.0,40,6,12820.0,25035.0
4,10,18.0,93,2,7658.0,31229.0
8,4,27.0,78,2,4708.0,23947.0
2,2,12.36,73,2,10737.0,19284.0
5,11,16.0,36,2,5626.0,34604.0
1,0,17.0,59,6,5669.0,24890.0
7,15,31.35,40,6,6417.0,26964.0
8,13,25.0,33,2,1612.0,26068.0
3,20,14.9,68,1,3231.0,34572.0
4,2,11.98,64,1,5073.0,22546.0
8,15,29.34,44,1,3826.0,25862.0
11,8,7.0,87,1,7626.0,25932.0
3,13,20.31,28,7,11198.0,27174.0
1,6,1.63,75,2,7950.0,24035.0
7,12,30.0,42,2,8222.0,25666.0
8,13,35.0,32,2,8752.0,27454.0
9,18,24.0,64,5,3879.0,30547.0
11,8,9.0,93,1,2405.0,30837.0
6,0,19.12,77,1,2013.0,26475.0
4,11,20.39,43,6,3762.0,25858.0
3,7,11.34,93,1,2638.0,23733.0
1,4,11.31,93,0,764.0,23313.0
3,13,10.13,95,3,4910.0,35285.0
3,5,9.0,93,1,3476.0,22986.0
10,3,12.9,96,1,2470.0,21712.0
1,0,7.9,90,1,8027.0,28033.0
10,8,13.0,87,4,2300.0,28893.0
11,5,7.0,81,2,3743.0,24036.0
6,10,27.0,32,7,12684.0,33929.0
8,0,25.0,73,1,5503.0,24945.0
6,9,24.55,75,1,2210.0,31133.0
9,14,26.0,50,0,2845.0,28328.0
5,22,21.0,49,7,1546.0,35396.0
9,21,25.0,88,4,13098.0,34081.0
10,19,25.0,61,3,3377.0,28564.0
1,21,8.23,87,0,2783.0,34802.0
9,1,25.0,73,0,2544.0,24083.0
10,17,21.0,77,3,7703.0,29976.0
1,18,15.0,77,3,5369.0,34729.0
11,13,18.0,27,8,2249.0,28149.0
1,12,18.0,42,4,6292.0,34739.0
6,0,26.0,65,4,5709.0,28625.0
1,3,5.0,72,1,933.0,22177.0
7,9,27.32,78,1,5897.0,28020.0
5,6,10.79,95,1,2744.0,19883.0
11,20,14.0,82,0,9306.0,33319.0
4,4,14.02,55,7,10121.0,20511.0
11,22,15.0,93,1,3645.0,31465.0
7,3,26.0,78,1,3322.0,25663.0
5,1,8.84,93,1,8448.0,23843.0
1,20,10.59,62,2,1883.0,38071.0
5,18,23.0,46,5,2628.0,23185.0
5,14,24.0,38,3,2577.0,31028.0
5,23,19.0,77,4,7555.0,27665.0
1,11,12.0,71,1,11180.0,36861.0
10,8,10.42,87,3,7810.0,29734.0
5,19,21.0,49,6,8182.0,28786.0
7,22,28.0,54,7,5588.0,29748.0
5,12,28.94,30,2,11305.0,33623.0
8,9,22.0,68,2,1988.0,31835.0
9,18,30.0,58,4,6806.0,29685.0
7,11,30.34,19,4,3486.0,26665.0
9,0,25.0,83,2,2697.0,27069.0
9,10,22.0,78,1,3315.0,33097.0
7,19,29.89,62,5,4866.0,35653.0
10,22,23.0,83,1,4381.0,26382.0
10,1,16.0,84,1,4593.0,23251.0
6,18,29.17,21,3,5994.0,37583.0
8,1,27.0,83,2,6065.0,25390.0
1,4,15.2,67,11,14263.0,24566.0
10,7,18.0,93,1,2976.0,20454.0
11,12,14.0,71,2,2841.0,32231.0
6,15,31.0,38,3,2454.0,37623.0
6,5,23.0,88,2,2454.0,24587.0
3,23,15.0,54,12,12363.0,28971.0
7,10,27.69,61,1,1661.0,36072.0
1,11,7.0,81,1,4916.0,33995.0
7,10,27.0,61,0,4463.0,36224.0
3,23,6.0,56,2,13412.0,31511.0
3,18,13.34,82,1,2880.0,27212.0
1,13,15.51,82,1,6032.0,27366.0
1,8,7.14,54,2,10797.0,35569.0
10,21,17.76,83,1,3488.0,27792.0
8,23,25.19,60,1,5107.0,29167.0
2,23,3.8,65,1,4329.0,27815.0
1,2,-2.49,82,1,12174.0,23214.0
1,16,16.1,20,12,8897.0,27188.0
7,3,25.0,83,1,3196.0,26253.0
5,5,19.55,47,1,8238.0,18865.0
5,10,21.0,68,0,4732.0,31638.0
6,4,21.17,78,1,3828.0,24445.0
6,16,30.0,27,3,7188.0,31376.0
11,0,7.0,93,1,9138.0,27479.0
9,5,20.0,94,1,4000.0,22872.0
2,9,6.67,86,1,5924.0,27256.0
8,12,33.44,32,1,2556.0,32195.0
1,6,13.0,66,5,10608.0,27034.0
4,17,20.0,32,5,6663.0,27518.0
3,23,14.0,28,7,12190.0,26453.0
8,23,22.31,78,2,4246.0,30113.0
9,23,15.58,80,1,2844.0,26536.0
10,16,23.0,35,9,4037.0,29622.0
5,11,24.0,50,0,2953.0,32648.0
2,14,19.41,28,7,12329.0,32914.0
12,19,13.47,51,1,5193.0,37541.0
9,15,29.6,51,4,14105.0,28181.0
7,3,25.0,83,2,2093.0,26962.0
3,19,16.44,67,3,8697.0,28922.0
11,5,15.0,45,2,9170.0,23900.0
11,5,15.0,62,5,7356.0,23043.0
4,10,18.35,52,0,1611.0,27937.0
8,20,24.37,83,0,5288.0,28232.0
8,1,24.75,88,1,4874.0,23292.0
3,14,17.0,42,7,3328.0,25091.0
4,22,21.0,49,1,4810.0,24373.0
12,9,12.0,93,0,1677.0,24215.0
5,3,12.0,50,2,11158.0,23014.0
4,15,14.63,77,4,2921.0,29655.0
11,4,13.0,96,1,5280.0,24868.0
3,9,8.07,95,2,5184.0,33993.0
5,2,7.78,87,1,9529.0,23197.0
10,1,16.79,88,1,3653.0,26542.0
3,12,16.0,51,10,2123.0,28362.0
7,1,26.0,65,1,2213.0,27370.0
8,5,21.99,83,1,4845.0,23495.0
10,11,14.97,100,1,1764.0,31629.0
4,12,18.0,52,0,1376.0,34144.0
3,11,19.46,40,7,7191.0,32787.0
9,18,27.05,65,4,7010.0,36850.0
2,0,10.0,100,1,6708.0,24908.0
6,23,21.06,60,4,1847.0,27406.0
10,17,20.53,85,2,8447.0,23429.0
12,7,6.0,100,1,4349.0,31949.0
12,1,11.0,34,7,6714.0,24847.0
6,4,19.13,73,2,5849.0,22961.0
1,11,8.09,48,1,4230.0,29409.0
1,10,11.68,54,4,2648.0,34176.0
1,11,14.0,50,3,7990.0,32724.0
11,12,19.0,63,0,1689.0,24406.0
11,4,12.0,87,2,4598.0,23112.0
4,22,15.0,77,0,8126.0,27740.0
2,20,10.0,39,5,3623.0,36024.0
5,2,16.0,77,2,7766.0,21325.0
11,18,19.0,77,2,4653.0,32381.0
8,18,28.0,51,2,9224.0,29912.0
8,15,31.0,45,5,2866.0,35688.0
2,22,9.0,87,3,12857.0,31412.0
10,11,14.0,62,4,4086.0,34398.0
11,21,13.0,82,1,9530.0,33586.0
3,4,11.38,93,1,4522.0,22884.0
9,4,20.43,49,9,10854.0,23015.0
8,7,18.86,88,1,6942.0,24033.0
11,15,24.0,27,3,5845.0,27163.0
7,3,22.56,78,1,4357.0,24985.0
9,22,24.0,73,1,3343.0,26854.0
2,22,7.9,91,3,5482.0,33186.0
6,21,26.37,38,1,5582.0,29709.0
11,23,10.73,95,0,3185.0,27259.0
3,9,10.29,62,1,1630.0,25714.0
6,14,28.0,32,4,2508.0,31691.0
9,10,23.0,69,2,5037.0,33851.0
11,1,9.5,87,1,2772.0,23550.0
9,4,19.88,78,2,5818.0,20110.0
12,18,16.99,55,2,10498.0,32044.0
11,7,15.0,93,0,3682.0,22705.0
3,23,6.83,85,1,7183.0,30495.0
1,6,4.0,93,2,2370.0,27748.0
12,14,20.0,42,1,4281.0,32046.0
4,16,21.0,28,5,6354.0,32515.0
2,4,9.0,34,2,11325.0,24925.0
5,1,11.77,66,1,12966.0,25744.0
5,18,22.0,60,4,3317.0,28610.0
4,8,17.0,88,1,1544.0,24017.0
10,7,14.06,94,1,2127.0,24739.0
6,20,29.0,45,5,3261.0,35513.0
12,19,11.0,71,1,3691.0,36387.0
7,13,31.77,55,4,2851.0,37698.0
9,5,21.0,88,3,6881.0,23178.0
5,15,21.63,37,2,13179.0,26458.0
6,4,21.0,73,1,4963.0,20821.0
9,1,19.04,80,1,2162.0,24570.0
2,18,20.0,37,8,12328.0,30539.0
11,8,12.0,87,1,1272.0,34101.0
3,18,13.24,30,4,3117.0,29768.0
8,8,23.0,78,3,1706.0,27817.0
11,18,21.87,38,5,10586.0,32704.0
1,3,11.0,57,5,10464.0,24624.0
2,6,12.13,62,2,9514.0,27040.0
6,10,21.45,61,3,1129.0,23551.0
12,10,16.0,63,5,1402.0,25409.0
4,20,21.0,46,3,3730.0,25261.0
9,23,23.0,78,2,3402.0,25109.0
12,19,14.0,87,0,5281.0,35328.0
5,22,20.0,88,4,3835.0,28805.0
10,23,22.0,78,0,5640.0,30334.0
12,0,8.49,93,2,14572.0,25503.0
10,12,18.49,57,6,11042.0,31516.0
2,19,14.0,76,2,2737.0,29180.0
12,20,10.45,72,2,5218.0,31722.0
12,6,8.0,87,3,5438.0,22551.0
7,10,27.45,61,3,903.0,36237.0
5,5,18.0,88,2,3102.0,23387.0
4,12,17.68,42,8,2945.0,32750.0
5,9,17.89,86,2,8096.0,30981.0
5,0,18.0,63,1,3162.0,25312.0
11,7,19.0,88,9,2789.0,33620.0
3,18,21.0,33,8,9814.0,31157.0
8,3,22.67,73,1,10366.0,22197.0
9,14,30.0,45,2,8727.0,37405.0
5,22,27.34,32,2,9596.0,32087.0
6,10,23.72,60,2,4169.0,32548.0
10,14,23.23,36,0,999.0,29999.0
9,17,29.0,58,5,8715.0,34372.0
1,15,15.0,41,1,2082.0,35153.0
6,1,26.0,78,0,6028.0,28749.0
11,18,16.0,38,4,6587.0,34791.0
6,6,19.0,52,3,5149.0,25070.0
1,10,10.1,40,4,8168.0,38312.0
1,9,3.0,100,1,1684.0,20238.0
5,4,12.83,62,4,6977.0,21372.0
5,12,24.0,50,1,618.0,32003.0
8,14,26.84,69,7,1945.0,31060.0
10,12,18.0,52,1,1907.0,31684.0
8,13,31.0,43,2,2610.0,36794.0
3,19,18.0,55,1,14265.0,35044.0
7,22,25.23,57,3,4609.0,30535.0
5,18,28.0,39,5,5049.0,33977.0
3,7,9.0,93,0,3725.0,30447.0
9,10,21.0,73,2,3028.0,32297.0
10,15,23.0,64,6,8021.0,30148.0
6,3,25.0,57,0,3146.0,26887.0
3,4,15.0,62,4,14055.0,24148.0
3,11,9.16,59,1,707.0,34580.0
6,6,21.0,83,1,5788.0,26660.0
8,10,27.44,74,1,2266.0,25789.0
11,8,11.0,81,1,5514.0,33263.0
9,0,21.0,73,2,2688.0,23969.0
6,2,22.03,73,1,4331.0,20908.0
2,14,15.0,77,1,7786.0,32466.0
12,21,13.0,66,1,1447.0,35038.0
6,23,25.0,31,6,11561.0,29037.0
9,20,23.0,73,4,2325.0,28782.0
4,6,13.23,57,3,6797.0,21955.0
2,4,4.49,51,2,10799.0,24304.0
4,2,8.52,93,2,2485.0,20774.0
3,22,10.51,30,9,7107.0,24718.0
3,6,9.0,66,3,1405.0,26475.0
8,10,27.46,38,1,1498.0,30948.0
2,21,6.0,93,3,5186.0,38156.0
6,3,21.0,88,1,4434.0,22523.0
1,17,15.0,51,4,1615.0,23540.0
11,19,8.0,61,1,6690.0,38103.0
11,20,13.0,82,2,6957.0,35967.0
12,23,7.0,87,3,1941.0,28283.0
5,15,24.0,47,5,1536.0,29451.0
8,3,21.83,78,0,3701.0,24780.0
2,5,10.0,76,1,3061.0,24156.0
6,15,24.8,69,2,6084.0,26433.0
2,19,9.89,86,1,2355.0,34881.0
1,17,17.93,51,12,14512.0,33987.0
6,23,21.45,69,3,5731.0,26217.0
10,9,16.0,93,1,7143.0,30916.0
4,22,16.0,82,5,9107.0,29835.0
3,14,19.67,42,2,9326.0,30722.0
8,21,27.49,70,1,8302.0,35091.0
1,4,7.23,81,3,6244.0,24103.0
8,18,29.0,62,8,2870.0,29172.0
5,17,21.89,27,7,8564.0,25853.0
12,11,9.0,87,2,3168.0,33200.0
4,18,17.0,39,5,7588.0,28489.0
3,10,12.0,50,8,6870.0,30817.0
12,15,15.0,62,1,2157.0,22063.0
9,4,21.1,78,3,9932.0,23426.0
4,8,11.43,64,1,797.0,
8,8,17.51,88,2,1401.0,20260.0
2,6,12.9,60,6,12768.0,26321.0
10,17,22.59,45,1,5825.0,24287.0
2,6,11.0,43,6,2275.0,25782.0
6,18,25.88,35,3,3959.0,23183.0
4,14,25.52,28,5,10893.0,28235.0
10,23,13.99,100,1,2277.0,26470.0
12,17,15.0,62,3,2650.0,30493.0
7,22,28.0,69,5,4515.0,32606.0
12,20,15.0,51,1,5558.0,27254.0
11,15,13.0,87,1,6351.0,32728.0
8,6,25.0,83,3,4257.0,26707.0
11,9,6.99,70,3,5963.0,35360.0
12,8,4.49,93,2,7280.0,33847.0
5,9,13.97,53,3,9502.0,35881.0
4,8,10.02,65,1,11930.0,36527.0
12,23,11.0,87,1,4791.0,30232.0
7,4,23.0,78,3,3724.0,25381.0
3,23,7.17,90,1,5457.0,30116.0
1,22,10.0,81,2,9913.0,35466.0
6,6,25.0,36,4,9882.0,26855.0
7,4,20.54,78,0,7789.0,21695.0
7,20,32.0,52,5,3968.0,33639.0
5,0,19.43,54,2,13415.0,25111.0
5,9,11.58,84,1,2411.0,24813.0
1,17,11.0,66,3,6033.0,28435.0
1,22,15.0,54,6,7907.0,33225.0
6,14,28.32,33,1,2866.0,31355.0
9,12,26.0,69,4,4110.0,35351.0
10,10,19.04,77,1,3707.0,32903.0
9,19,22.09,44,3,2991.0,28789.0
4,19,19.84,36,2,11367.0,34097.0
9,10,17.37,66,1,5588.0,31899.0
4,9,6.33,77,1,7670.0,22086.0
8,19,27.1,43,1,5212.0,29813.0
10,14,22.0,46,1,801.0,30000.0
4,19,21.0,43,5,1745.0,29522.0
12,3,4.48,75,1,8478.0,24389.0
1,9,6.7,54,1,5823.0,29980.0
12,7,7.0,90,1,5348.0,30694.0
3,8,9.0,66,4,7955.0,26723.0
1,12,13.71,76,1,2622.0,34472.0
8,2,22.18,69,1,3410.0,24388.0
6,1,22.25,69,1,4091.0,26550.0
8,13,24.55,65,6,1937.0,31445.0
1,17,17.0,36,7,12221.0,34907.0
9,5,17.0,63,1,7017.0,23653.0
7,4,22.36,78,1,2187.0,24123.0
2,17,11.0,37,7,3107.0,38058.0
10,16,23.7,65,3,2355.0,30202.0
2,3,1.04,77,1,1667.0,23491.0
6,21,29.0,13,8,9607.0,30374.0
4,16,24.62,34,2,1467.0,28293.0
2,8,3.67,93,1,6856.0,25535.0
8,2,22.45,83,0,3514.0,23826.0
12,9,10.0,93,1,4039.0,35514.0
12,8,6.49,87,1,6568.0,35028.0
12,17,14.5,57,2,2363.0,35318.0
3,14,13.02,71,3,2094.0,33672.0
12,17,21.0,46,8,8962.0,29584.0
11,12,11.0,93,3,5456.0,36536.0
8,0,22.21,78,0,2778.0,24892.0
10,22,16.0,77,1,3518.0,28276.0
8,16,33.65,26,1,3217.0,32618.0
2,13,13.98,36,6,10633.0,33769.0
7,2,26.0,78,3,4357.0,26385.0
10,6,16.76,84,0,11677.0,27488.0
5,23,14.06,83,1,4879.0,26318.0
11,13,21.0,73,6,6613.0,28163.0
8,13,28.0,51,2,3267.0,26238.0
8,7,21.66,83,1,9805.0,26819.0
7,21,29.0,45,4,6352.0,30242.0
12,12,16.0,72,0,4118.0,25316.0
4,3,8.0,87,2,8038.0,22795.0
6,19,29.0,25,4,8888.0,33268.0
1,17,16.09,67,2,2063.0,27264.0
6,9,23.24,78,1,1617.0,32259.0
9,12,21.12,73,1,4073.0,25369.0
9,15,20.45,83,3,5305.0,32788.0
6,1,24.0,64,1,6582.0,26648.0
2,16,12.69,44,2,3842.0,34773.0
1,23,6.8,59,3,8783.0,32725.0
4,11,13.85,60,4,5482.0,32001.0
10,13,17.4,81,0,2534.0,28103.0
1,14,16.0,55,1,1471.0,34052.0
9,15,29.0,74,3,11579.0,33031.0
4,20,20.0,45,5,1655.0,30658.0
8,0,26.0,74,0,3021.0,26189.0
5,23,18.0,68,1,3601.0,26488.0
9,0,18.8,68,1,1347.0,22970.0
5,8,14.8,87,1,1798.0,29056.0
12,5,4.49,93,2,6778.0,24203.0
12,0,10.0,93,0,4677.0,25398.0
6,13,30.0,23,1,3578.0,32735.0
10,8,8.95,93,2,2345.0,30546.0
11,6,15.0,87,3,1881.0,25983.0
1,21,7.0,70,1,2681.0,33944.0
5,3,14.0,71,1,6993.0,23223.0
7,10,27.0,51,1,3980.0,27899.0
3,5,3.5,88,1,3596.0,22681.0
5,14,21.63,37,2,13494.0,27898.0
8,8,25.0,78,3,11061.0,34248.0
10,8,16.0,93,2,7702.0,30446.0
8,7,19.55,89,1,2354.0,27802.0
10,2,19.0,93,1,5565.0,21005.0


